,redshift,luminosity_distance,theta_jn,dec,ra,psi,phase,geocent_time,Mf,af,eta,delta_mass,chi_eff,chi_PN,chi_s,mu,M
0,0.09,440.0,0.7066501804041311,-0.027979364151847763,0.611791467712641,2.2890280774832297,2.410421046432059,1127406111.9126766,62.73237444378012,0.7174532174330236,0.24414216019678187,0.15307305188331685,0.05125212107507587,0.05344817177545039,-0.013374095829977534,16.108587628756368,1.3959200204965233e+32
1,0.09,440.0,2.2197878587583535,-0.29225833948816105,2.8229604447640066,4.744865984924171,5.731965773445143,1135629029.4909716,68.15082800127155,0.6456393742373248,0.24980179514745268,0.028157049031976467,-0.14417737757613247,-0.11810516828746473,-0.15518406713107125,17.826383965252287,1.5135728455930956e+32
2,0.09,440.0,1.483895336635271,-1.0830467813862368,1.095715561143913,1.5859663318309358,1.161870177389682,1128679237.4571853,60.268903889907556,0.6629426277201891,0.24981243593459151,0.027390806151590088,-0.08947280791632466,-0.07252327933080821,-0.10088077749622437,15.787920104875543,1.3392631499311582e+32
3,0.09,440.0,1.4302574564573614,-0.2814187122142382,4.234450910769078,5.48686984278552,1.3422403926535644,1120093715.091304,74.909353729331,0.6502449912503159,0.24963917560631976,0.03799075643786567,-0.13791020950092617,-0.11166046297222756,-0.15634256240656502,19.585371553680623,1.6638864831992748e+32
4,0.09,440.0,2.1953076667609785,1.0435436433275682,4.718818562545176,2.6447512723734445,4.645148317511414,1132005000.8786755,56.7076111086965,0.6916980054352656,0.2461718575728114,0.1237439683732274,-0.027272450237784622,-0.014178814217837317,-0.07908365130522596,14.655620765502741,1.2609022300872037e+32
5,0.09,440.0,1.5632183276891332,-0.4091408704994093,4.120243899713718,2.507195367652055,2.998680894983493,1132711337.2023435,58.02178264269717,0.6706851715935875,0.24990329480963497,0.019667759441794247,-0.05936876846536747,-0.04824071565095353,-0.06620824061830222,15.216200062287319,1.2896740604552943e+32
6,0.09,440.0,1.5717275868839307,0.20106847717665288,4.024152618881339,4.129764502097842,0.7202329967148859,1120274375.8458085,58.18383963069945,0.7211350924557278,0.24941419835965697,0.04840667889219634,0.09948565584158621,0.08494878799102136,0.08665916912917118,15.297492398823987,1.295646172115651e+32
7,0.09,440.0,0.8679308560728132,-0.1380634450230218,1.7810741008098523,1.3080192259815366,5.0769919547847895,1124779300.2755575,56.080114005637206,0.6255841595308613,0.24997829079926423,0.009318626666144117,-0.1984417938570237,-0.1643141711693448,-0.20298717221537446,14.657431299405525,1.2447653731939609e+32
8,0.09,440.0,0.982627234041771,-0.2819451795424368,0.08814749259801107,3.477440655747834,1.7626377284175636,1121096871.8903096,67.5199314742862,0.6976396639538928,0.2462542878189953,0.12240444732124252,-0.005292586116328371,0.003699839802845443,-0.0542947601176999,17.466233420643373,1.5016545622288736e+32
9,0.09,440.0,2.7992792337127677,-0.6334050909876506,2.2237487788653683,3.8541175056674004,3.874740913550349,1105151961.220727,53.92095210196932,0.6103190563179939,0.24942736941943416,0.0478594016078701,-0.1687455398249897,-0.13715633827605195,-0.18830393410285173,14.051717871318111,1.1962610434030768e+32
10,0.09,440.0,2.478061599745617,0.08588985196933918,0.27134157413852744,1.6209102840736938,2.5379859456771467,1114933011.042475,65.22610235772974,0.6895823555749373,0.249749463874288,0.031656666009671416,-9.692332499289146e-05,0.0013415409730524778,-0.0085636591649631,17.12210507095804,1.4507454706800881e+32
11,0.09,440.0,2.1218964608140887,1.4595891786632165,6.24971029335798,3.4858027512811107,4.474683542186118,1116296061.6093132,71.54895097202785,0.6683141271906976,0.24998956079855003,0.006461950618805036,-0.06091757248350344,-0.05039635923699094,-0.06257614439337823,18.768184512563547,1.5902348186292012e+32
12,0.09,440.0,1.5462430365651765,0.5929354628203036,3.528625253785976,2.395451272050155,5.796204825175293,1106965931.2415423,61.57681783764732,0.6958300830608593,0.24951916568959193,0.043855868953109986,0.011184758432691027,0.012066481884850737,-0.005254039505325769,16.15645882109521,1.3698601232511788e+32
13,0.09,440.0,0.2942427072252716,1.1395219578409748,2.7179986227835733,3.7810131999270173,4.852813267143986,1108425023.5397968,62.31175211599872,0.6839539699943232,0.24988335971165598,0.02160002669849774,-0.018585571900509162,-0.013986453737760338,-0.02736541776669779,16.359047948876345,1.3856640912092809e+32
14,0.09,440.0,1.5376915022587023,-0.15943505218285625,1.6420695306274362,2.906576563872333,5.694595299955331,1120636118.9664476,64.60161356418816,0.6857655935230824,0.24999905227030136,0.0019470281956308153,-0.00013427099138094094,-2.468551823564404e-05,-0.0006517476531128774,16.972920614223003,1.4366953442024963e+32
15,0.09,440.0,2.412307391578201,-0.650777811718504,1.0982001562622121,3.2275671490834044,2.059255535041022,1122277047.1982152,60.476808267334526,0.7105727668971874,0.2470208034660706,0.10916403315981646,0.04268976643663529,0.04227123074432977,0.002519206808267005,15.716650680551348,1.3457853370990183e+32
16,0.09,440.0,0.7190590276160407,0.17219242893523945,2.815710930099654,6.1546831173331,4.199190669470813,1125888384.145999,56.30970588669338,0.682946170874578,0.24621450075930157,0.12305282184002758,-0.05279920820393505,-0.035767213011179064,-0.10285294940441317,14.544495324142076,1.2516715170863794e+32
17,0.09,440.0,1.7765515628489676,-1.2259806126678447,0.09240342492416476,0.1318375410837964,5.255935472274999,1120149288.3847346,59.6234047430139,0.6622303895976142,0.24894720670503065,0.06489355268343201,-0.1048460955000555,-0.08308974189188303,-0.12994025130779327,15.557591094885387,1.324772545986069e+32
18,0.09,440.0,0.36742817309062026,1.1915149814622756,4.503873649240851,6.219018403950632,5.046031493810987,1119939019.0947738,59.43806424459899,0.7280822206661586,0.24601756404723893,0.1262130889054073,0.09150609412594134,0.0847525715239226,0.04081587346178167,15.405819308442027,1.323460970764223e+32
19,0.09,440.0,0.18315646832378957,0.40351918268693954,1.9162444793039737,5.805129537149014,0.3772288810864244,1122084511.984108,67.49648305654232,0.6722381775001359,0.2499742977613194,0.010139475071331672,-0.03195874744902975,-0.02596593759713667,-0.03564511270329995,17.712272359401123,1.5003621500533096e+32
20,0.09,440.0,0.9986122611206075,1.0022242218784294,1.6261034297863874,0.7716051847969951,5.466283539585445,1118180959.0844781,64.39121867076489,0.6735446342327617,0.24623534748153825,0.12271352848747781,-0.09124792015817618,-0.06674343197169473,-0.1479653720565686,16.61815922607758,1.430851778074544e+32
21,0.09,440.0,1.4974527969025107,-0.16671546536104453,5.019080483465056,0.4461693633205407,1.9862331939121747,1116714162.1506608,59.045156154162036,0.6838675647968607,0.24994173683109605,0.015266062872124475,-0.015392682443329538,-0.011787997525310899,-0.021443386687910626,15.505842983845557,1.3130267536494717e+32
22,0.09,440.0,1.8079975568390303,0.44781782719652385,0.18841365503461482,1.9948411566833604,5.133212438581752,1107317870.059731,63.980251865465995,0.6780972908737838,0.24660459880061786,0.11654014242967245,-0.04411546756324125,-0.03181958872922082,-0.07413499367226659,16.551350503639473,1.4219937258003206e+32
23,0.09,440.0,1.8408028873326938,-0.17268069133234087,2.826628082362194,4.486048251804344,2.909759299856169,1105817647.0226223,52.09896021711745,0.6821747797339162,0.24446134891406152,0.14884422845295,-0.0542535140769466,-0.03559904699220455,-0.1134586192706914,13.354195591959256,1.157832101230058e+32
24,0.09,440.0,0.7335128404118237,0.18964439280426282,3.080824675235774,1.5565664681344054,4.46068708559749,1109107896.3069673,59.24460677071037,0.6323195558645578,0.24995852574073718,0.012880102369595976,-0.1512432802491154,-0.12485075906234941,-0.15699209158096833,15.495010020209094,1.3152622811909231e+32
25,0.09,440.0,2.06783041913945,-0.7272515697655427,4.840209730160209,3.6893731323930004,2.417486973770472,1111040557.994115,70.9490779847177,0.6730051935191219,0.24998664129872408,0.007309911429255366,-0.046286160853732834,-0.03797856192896222,-0.04941099176666655,18.618672897830844,1.5771522650587125e+32
26,0.09,440.0,2.2987933004602,-0.11717342968834243,1.1389616070677173,3.879898260997294,3.8578270072662875,1105943552.7084014,69.21877706350834,0.7147601163318357,0.24628852434978488,0.121843763077396,0.041104875698804236,0.04339030051845511,-0.013797093710482294,17.936577841291623,1.5404509743969504e+32
27,0.09,440.0,2.6131433609388686,-0.7569443960494187,5.921348411879458,4.451622179585652,5.662485365485981,1129624693.8263829,62.7778248851995,0.7021968718522452,0.2478748375503783,0.09219896853266175,0.01829150215413019,0.02091668301418795,-0.015746775571245847,16.362321525083907,1.3966679273780279e+32
28,0.09,440.0,1.958098615232644,0.8728577085206535,1.5485514633829605,3.595654482731016,5.981254122289448,1111350453.0972297,68.63287342526438,0.6887244411317301,0.24420176705686578,0.15229225775638375,-0.038216735175748084,-0.02144136061412113,-0.10213821763205866,17.581468903995685,1.5255850411647085e+32
29,0.09,440.0,2.5674425614019154,0.38807025343100565,4.03407184163341,2.3243416502089147,2.5013445112742936,1108309296.676606,73.93327878332906,0.680643196449558,0.24908628637066943,0.06045539278941529,-0.0554005945132323,-0.040813048415097856,-0.08707576024035807,19.33258243326706,1.6437710380692964e+32
30,0.09,440.0,2.4302835690875293,0.21777809819979388,5.46718040212342,2.1625967104170147,4.314834400992917,1134500880.5668616,56.86994297548113,0.656056639617185,0.24947946069914587,0.04563066078216107,-0.04798159828979605,-0.03771758659194513,-0.06117122715637882,14.874917288049481,1.2634082284032172e+32
31,0.09,440.0,1.7378913717836624,0.3221883560517358,0.3602424130535047,3.077686745214681,2.131221287035453,1104697296.1218905,56.081382494320806,0.6816933405141574,0.2461645476370584,0.1238620581605462,-0.053200715782098236,-0.03649860769387978,-0.10088129176437527,14.481396364278108,1.2465354355750131e+32
32,0.09,440.0,0.9643732421511201,-0.019038435309771007,0.9390898804630484,2.0459067107357187,6.011819686711239,1111871354.4630415,61.67051730590557,0.7053137193405851,0.24585647669095034,0.1287404102688764,0.018032840047923087,0.023625906079088356,-0.03382463697756116,15.93682623249825,1.3718989894114235e+32
33,0.09,440.0,1.3751142766690472,-1.0532638212510417,3.361998192765201,5.536633801765241,4.943844080736129,1110533328.0146558,60.796422831237486,0.639952953814822,0.2499806698925638,0.008793203611022144,-0.15262602742832745,-0.12647590620288243,-0.15553643132662096,15.909984570689348,1.3500257440161068e+32
34,0.09,440.0,1.1872309213951984,-0.19351361352935914,3.0595978235827888,2.8705104190378705,3.8702136855282325,1123832500.6938655,66.27928033768974,0.659632891990194,0.24958987100974453,0.04050328333631315,-0.10290087224114565,-0.08325471321362087,-0.11703494348806842,17.34047893785383,1.4726300362245304e+32
35,0.09,440.0,0.11377958096706295,-0.8164403918696784,2.8150132743359166,3.877013681096913,0.5175292911604721,1119027107.88425,61.068154876707226,0.7027943590292742,0.24994775726053287,0.014455827816786317,0.047169390708295234,0.04014751354243569,0.0417704193172789,16.066203196486022,1.3589631032898357e+32
36,0.09,440.0,2.296853918243025,-1.0889155315700438,2.081417634864429,0.4737986550719416,3.7629365693003147,1110449536.6514802,58.00524400187332,0.6918848157137336,0.24774927890481957,0.09488353060843478,-0.01614780840309893,-0.007518012811315871,-0.05179084073381668,15.095513084926763,1.2899778004250376e+32
37,0.09,440.0,1.6102714257447988,-0.0963809087504206,4.74809087424552,4.388234461014179,1.7847516810821813,1113161622.5020282,56.875329693268306,0.6419152692984521,0.24954395364587986,0.04271048368352401,-0.16440920820997756,-0.13366711435538736,-0.183168691844244,14.854252752861449,1.2629766494204344e+32
38,0.09,440.0,1.7118173652817297,0.1059235983696627,1.4550765656256857,5.605291969407657,4.506459718474033,1131266750.0529218,62.77287976017959,0.7250018925907787,0.23429639921557271,0.2506280174635488,0.11305519020614896,0.10872981483625722,0.027448779590957456,15.44628789628854,1.395729601783513e+32
39,0.09,440.0,1.7756993114947006,-0.839768484499777,5.726711795677056,2.569698513872886,1.9074284373115358,1129884844.6766515,61.16821616267574,0.6670350894459917,0.24972924178104983,0.03290946483613315,-0.07637320536381305,-0.061634430392893305,-0.08775196308798935,16.023330875101543,1.3594201725436823e+32
40,0.09,440.0,0.844007360312867,-0.5126374116814847,6.057607388973121,5.8632627269873705,5.20929609879186,1129699226.5232701,61.964525250778166,0.7020257277494726,0.24235012373850662,0.17492714210771848,0.04403744175406037,0.04386358486492784,0.0010666293008838312,15.770497887510835,1.377753076061074e+32
41,0.09,440.0,2.3646913158303207,1.0815144268612662,3.7199161341719003,6.152017651189847,2.2523647608304658,1104626880.3534646,56.22614493912413,0.6822511024293443,0.24836805421754135,0.08079469741161618,-0.04261004745698904,-0.030612334781421585,-0.07182366681207147,14.65960594306896,1.2500628566376195e+32
42,0.09,440.0,1.361311501703618,0.3224587060264086,0.24179619235472308,2.6061327327997934,0.43719412925964213,1105386827.6621115,68.51526595027106,0.6884813932336089,0.24944964926004903,0.04691911081642204,-0.015663938336359203,-0.009844413036663155,-0.034687221545105895,17.9588798047661,1.5237937642761487e+32
43,0.09,440.0,0.6592078294686143,1.2244468400416508,6.180557849540424,6.266382421019811,0.63998327251117,1120915437.4757266,55.436716929358404,0.667241471181087,0.24996843745956016,0.011236109725313982,-0.0668690291965782,-0.054913373670880575,-0.0711136662383833,14.538754678218961,1.2320801003605256e+32
44,0.09,440.0,2.74261877719112,0.6722323389711522,6.044248163299087,5.571186116047216,4.903240106973457,1122587468.5902581,60.356540906947906,0.7195153970042307,0.24772961171800142,0.09529718321122818,0.0716763271598935,0.06586038043576102,0.034906583881668174,15.747968821163463,1.3436909574013996e+32
45,0.09,440.0,1.7978319788706294,0.06167649986647028,5.177533865436774,3.855933747079781,1.8450997459680243,1108170686.1364837,59.765413333196186,0.6979627212013119,0.24925307770129593,0.054659758459183035,0.013948328465389749,0.015071105022486755,-0.006697576115368281,15.665596942305926,1.3296313155457204e+32
46,0.09,440.0,2.4915687559384128,0.5929503212649245,5.571646890865692,5.488747918612263,3.7187112325418727,1132740236.2742674,67.31115831431161,0.6746621343711771,0.2499098735855263,0.018986986540649335,-0.014399475752599191,-0.010900048745926677,-0.020819887358452305,17.663358764089477,1.4963568320323621e+32
47,0.09,440.0,1.6770885561325355,-0.4287087127508613,2.6779817462383044,4.753983156211878,3.779010141299078,1119060611.5147896,66.46075134201155,0.6726744347480907,0.2475851650819228,0.09828193970566888,-0.06464426242769668,-0.04936646236748314,-0.09174893979532725,17.257347022088393,1.4770000155337922e+32
48,0.09,440.0,0.70877870958898,0.767506470294891,2.642460526050859,2.4480269770455583,5.1461188086231,1107314832.922757,64.86717022607435,0.7068155212840701,0.24903136042766158,0.06224594998354215,0.0368300765919331,0.03503170880067317,0.010737157553982385,17.000511895448692,1.4435853481696277e+32
49,0.09,440.0,0.2561245019208059,0.00905497056806115,4.306269163192511,5.358218336704557,4.541157109876505,1124963581.4646761,64.9446623560447,0.6720863089451421,0.2489642258897727,0.06436688932136525,-0.0753166034514975,-0.058278373912336645,-0.10175420579974787,16.961127245415575,1.4434818331244945e+32
50,0.09,440.0,0.22879563650764106,0.9219699238114534,2.663530256869882,4.817163367896914,5.462911047687007,1128222044.4969144,65.52208577816613,0.652093961048913,0.24658735144668253,0.11683575742584112,-0.13617265798805545,-0.10726495180756726,-0.17430413386397597,16.91112016878941,1.4550193783026131e+32
51,0.09,440.0,1.899568937474683,-0.9976735136665991,5.2123551161578,4.0146556216248666,6.047751494300409,1120538027.6757622,69.02002042239123,0.6732301703685188,0.2489645060616159,0.06435818326783702,-0.05859069719208055,-0.046027781471666064,-0.07502704844746759,18.03010518546188,1.5341217751414816e+32
52,0.09,440.0,0.7246915405346329,-1.0802616728896812,3.0003436457356987,3.2427838191195293,0.10225515567206037,1126782030.5018396,62.890254897058355,0.6658701260026508,0.2481933853940183,0.08500857853138616,-0.08068358014553016,-0.06394055209461819,-0.10030178296725081,16.364942082858384,1.397419405231563e+32
53,0.09,440.0,2.582382456637857,-0.3722067592394256,5.111791077507919,2.913719078301587,5.7755897326107535,1131980424.980118,56.87828728622012,0.632403783310102,0.24682254030743073,0.11273792072890586,-0.002821228617954585,0.004621187267030431,-0.04483260438407355,14.692241086845769,1.26234756030629e+32
54,0.09,440.0,2.8019210852116854,0.3021485178889667,2.4359566985932415,2.3246688666087567,0.36084839173485633,1127990107.511841,56.88946779267808,0.706532597644797,0.24848933486250963,0.07773455184125881,0.02421843655241235,0.0263836397548298,-0.012955547124733346,14.873041632428034,1.2659581468621461e+32
55,0.09,440.0,0.7842732573782025,-1.1703034998268738,4.02792496740508,5.0991775944522475,4.478341362156353,1125789936.1054776,60.881894901220804,0.7243606607019036,0.24744908343793506,0.10101319838644707,0.09207144242721428,0.08252379440398051,0.05736875194664892,15.874083206677664,1.3556142952115384e+32
56,0.09,440.0,1.710086832953628,-1.012690268439414,0.18949420483218887,2.632896495854515,5.832127590862349,1111644461.4313185,67.45908582586597,0.6389947470250279,0.2498652262194685,0.023218422042116764,-0.11703751013717069,-0.09577989797378807,-0.12649504414875984,17.647454039386886,1.4979141775499332e+32
57,0.09,440.0,0.07381319758302686,0.6545111503684184,0.19911903705438028,5.701726014119417,0.39014524191966327,1126089531.3021963,54.18667721899745,0.6925666700647184,0.24870183307500854,0.07206016722132856,-0.010979540285996231,-0.004340772108991465,-0.03968929352311926,14.161289303767072,1.2052074197961386e+32
58,0.09,440.0,0.30449146884805117,-0.518837097590791,5.755486502750892,3.687176638402776,4.7884429779055155,1117787527.5581672,60.05292711359558,0.7215369294318877,0.24259763676272367,0.17207397522317355,0.0777999955103721,0.07525928183636402,0.015571627647914171,15.324560146580145,1.336288792025654e+32
59,0.09,440.0,1.3143828393595478,-0.9625156509916057,0.1462176438180028,3.085880815089064,4.49836510154032,1117395679.311374,58.06982054110847,0.6737884761118006,0.24975294320040398,0.031436081155005756,0.001455966753293156,0.0031266892552221674,-0.009946231384690418,15.228822294502866,1.2908583520139839e+32
60,0.09,440.0,2.2326101340810536,1.1059312407171649,2.990125130655486,4.15773743613386,0.7643448515847681,1111920859.029801,65.56796347244556,0.7281601555113826,0.24727867825325386,0.10433257874213975,0.10520863226024421,0.09352551995004443,0.0702484477271941,17.090165291689374,1.4601597246375995e+32
61,0.09,440.0,2.6496694624268415,-0.19648527922812287,4.7528988253783195,1.8308520899650504,2.526286266289757,1106453558.9636045,68.81025591266918,0.7006790767856297,0.24878805708839072,0.06962594090163172,0.01637325947076179,0.0182322997511864,-0.011110257448304683,18.00373317494128,1.5309372846141135e+32
62,0.09,440.0,1.530789377729628,-0.5109584750166056,4.327668032530249,3.599147238155212,2.92737612123485,1118217071.0337036,68.04688579415763,0.6834438487818565,0.24853817463306252,0.07646764981186341,-0.0375077446703903,-0.026660237077002637,-0.06489357641264765,17.756696698281296,1.5129609040914086e+32
63,0.09,440.0,2.1168778026578865,0.7910763337918487,3.251545880277105,0.8162379614884181,1.4735388768345075,1112805340.6919794,64.86215399006093,0.6800478560738372,0.24949918737837182,0.04475768634003267,-0.03513963687856146,-0.027117183618044306,-0.04780825709525584,16.993064462722646,1.4421227133618718e+32
64,0.09,440.0,1.2246719364000729,0.48337818481423733,0.9089482559735318,5.714444687537433,4.688168407843437,1108893339.8834352,56.91030181148107,0.6364856286250203,0.24974184216830717,0.032134581478082784,-0.17149914174505834,-0.14108869293110937,-0.18104909991837695,14.87275507724378,1.2635698650385635e+32
65,0.09,440.0,0.7609351482063513,0.7600800137855814,2.231635193523429,2.185488876036453,2.825325361279276,1135035345.0621183,62.69348921203361,0.6532235847902425,0.24994916577442633,0.014259624900201651,-0.11335746422720347,-0.0933760023070786,-0.11886128451561251,16.420806022747897,1.392721919592095e+32
66,0.09,440.0,0.676007950785262,-0.8802394535386866,1.773489989792115,0.363053575797336,5.354873412106361,1116571599.332566,66.85358979533835,0.7306749649376059,0.2460896581231984,0.12506545289249996,0.12513041990226914,0.10970133561032103,0.09322054549500097,17.341714866766544,1.4887510268862592e+32
67,0.09,440.0,2.279470814838654,-0.8359811542859039,1.063963343196037,4.9158417107874595,4.262660436205692,1104286204.003678,63.95362227908793,0.6964920294749226,0.2461568259502042,0.1239866775068328,-0.011614200932483125,-0.0011623271148285073,-0.06313164792809833,16.534517612543848,1.42226442379962e+32
68,0.09,440.0,0.8612289765526483,0.6982589217411039,4.785731797718277,0.15052893206678883,5.557885988025121,1131382390.4483905,59.71362109047805,0.7145708706078171,0.24633692191251905,0.12104673622169161,0.04596534926369274,0.046737129182822204,-0.004658314599570251,15.477132804651005,1.3289125364817981e+32
69,0.09,440.0,3.0604568170632698,1.1831471135751164,2.169480889554057,1.2186393716534227,3.5796480697447897,1127477251.4994023,63.102931747598646,0.6814106743834265,0.24641907118922624,0.11968172476654552,-0.05857824067035867,-0.04064373864886789,-0.10821310466673639,16.311219030527226,1.4026284301281717e+32
70,0.09,440.0,0.3835704799836031,-0.5477448171785126,5.331934358698947,0.5291316950186705,2.4220285497707623,1123075386.5793424,59.958800137598786,0.6825787835938871,0.2441291774470681,0.1532425861558319,-0.04045712633703945,-0.02534337296011421,-0.09204866507301443,15.349354585127394,1.3324796139158785e+32
71,0.09,440.0,1.082597513394547,0.6536181777238359,2.148269867204164,4.9705504645313585,4.640011140302096,1132132339.9816642,66.65701282601802,0.7004076092464444,0.2481857387070424,0.08518829245753494,0.012395862341074955,0.015770531136754834,-0.02021711514478805,17.393857255001635,1.4829202242011026e+32
72,0.09,440.0,2.2609211784368686,0.45191459939173484,5.551866392661911,4.556799725035855,3.9125916371845006,1122488136.4383404,53.88439240412791,0.6927834594588433,0.2487307276220451,0.07125369823258146,-0.012966149764783056,-0.005676623624191092,-0.04357473037958487,14.084094260443893,1.1984972258262142e+32
73,0.09,440.0,1.294254545610377,-0.7028262810467644,3.433339269728787,0.4707947254781124,3.602837799265562,1133330142.7209296,59.25457245654393,0.719865016824924,0.24829152190863596,0.08266748070103627,0.06175207753105642,0.058521287142265684,0.019346915860869396,15.49888647070802,1.3192582816541753e+32
74,0.09,440.0,1.3656508930121913,0.14463171198808356,5.039171885382958,2.6149879386840023,1.9758405118322284,1105504226.8792386,61.180677898298875,0.695584020896792,0.2395452564346256,0.20449688081116973,0.0013622283112274154,0.01337464300886107,-0.0745602907114884,15.367410853020647,1.35960201540881e+32
75,0.09,440.0,0.6142689516794836,0.5747093951620879,0.3183506196098966,0.22564471399890568,1.847914863438806,1126572021.2968755,65.63524350042503,0.6983112431008072,0.23627351856619375,0.23432013514682276,0.06048744669841794,0.05935518223118599,0.007125210198713733,16.25994041669949,1.4582314864827026e+32
76,0.09,440.0,2.5141479182448934,1.0219462118108233,1.5666645474116259,4.319099004381604,3.2085180744721193,1132718663.5369473,62.29800355939722,0.6595777023928353,0.24671870589181466,0.11456516238692087,-0.12106534666098068,-0.09375266867793662,-0.1645989487740387,16.095731865829297,1.3837698981326282e+32
77,0.09,440.0,0.1961618964936079,0.333223698074673,6.18581921640943,3.0738994772008734,0.7616447139794152,1127065974.6278214,64.11831771169157,0.6496593724127242,0.24635719873564937,0.12071124660694421,-0.1457605362615065,-0.11480397410962505,-0.18683245416750532,16.528802881226095,1.4237061144948974e+32
78,0.09,440.0,1.7979997339953424,0.9249602246790873,3.3358265389841932,6.018161205988924,3.105216095511572,1110339332.0543106,59.844461082333964,0.6747954573750797,0.24858043744561614,0.07535416523016807,-0.06348464755709798,-0.04853997326027189,-0.0893890574105472,15.607639802787027,1.3301934608609778e+32
79,0.09,440.0,1.6818207749072736,-0.9610299162705502,5.761260174078496,3.2852188428060374,3.0057843016470396,1130405132.7634346,63.15772331215067,0.6623542474261175,0.24906716982163313,0.06108453743352285,-0.1056428867050644,-0.08368320445677267,-0.13109146503869798,16.488125038619266,1.4033242513137554e+32
80,0.09,440.0,2.147321907534555,-0.7653851652556375,5.509500676316745,5.363904449517789,0.38799463595009753,1133510181.5315444,55.217387172838365,0.6815077929758372,0.24703913566381205,0.10882764972538728,-0.04155744063152474,-0.029047605830757627,-0.0752923178009304,14.314042787219394,1.2274344360773807e+32
81,0.09,440.0,2.255067421008823,-0.6458850332301874,3.7550903018616233,4.464253822083595,4.4268097776805515,1132331473.126377,60.040758377182755,0.6762389150488729,0.24925070824306142,0.0547463882621879,-0.05939684446662405,-0.045562584845049985,-0.08252477934963254,15.70597395619772,1.3347146861771452e+32
82,0.09,440.0,0.7427052830970657,-0.2656040830253512,2.681086084532386,6.190520360967635,2.778730926598915,1120000520.169789,60.45062740791717,0.6603860728389961,0.24991866501105942,0.01803718258937259,-0.09436010425300832,-0.07693762292571545,-0.10365163728140858,15.84036642155344,1.3432031447032138e+32
83,0.09,440.0,2.3266466728838515,-0.3312355750539322,2.5512322115647885,5.996139356778368,0.8515807478348376,1129484231.7331998,68.07309325547543,0.6490690902078066,0.24996285232066714,0.012189779215852162,-0.12560034333574976,-0.10367643180791722,-0.13040895664699761,17.824998115341007,1.5120321845109842e+32
84,0.09,440.0,1.7580957000409232,-0.6756291236115557,6.059777596930191,1.8426444835600946,2.978328976006858,1107436552.74079,66.15701236133526,0.6772090061667055,0.2481540721369199,0.08592852525395944,-0.06668077361453902,-0.049485192166360964,-0.10302919594052201,17.223814410873953,1.4705631158520694e+32
85,0.09,440.0,1.6607358446732388,-0.9334619510789625,0.9954051425612168,0.6977876883801258,6.256981242181372,1135160044.8309865,61.13334577959481,0.6866050301583587,0.24361814678284593,0.15977300419224838,-0.031379750408206106,-0.016891997844778062,-0.08842116569066621,15.619962774337807,1.358699903097709e+32
86,0.09,440.0,0.8279345322006403,0.10994158445378988,4.296960479612332,2.484918365706041,3.301998631410615,1111834865.5312471,67.85113749530059,0.702559727021755,0.23635381299922453,0.23363379037096094,0.05581578902810828,0.05757701466265425,-0.011079425362688605,16.81822890510509,1.5077046561347036e+32
87,0.09,440.0,2.4411721333555416,-0.1575659975029169,5.339432830779008,0.28405332373090975,3.6657908222069917,1122720876.6782272,55.64510118925846,0.6283284046050337,0.249796326484559,0.028542846069795645,-0.13894181909270076,-0.11348239789529024,-0.15154001639923736,14.541167000123828,1.2351867669653712e+32
88,0.09,440.0,1.4577743008514368,-1.2887175520207483,5.044181451895029,4.278227733480276,6.187098530217985,1115887562.69106,59.23854026750398,0.6709920894442875,0.2398770346676392,0.2012258962694491,-0.08009594614619768,-0.054269397318718104,-0.1600820198712914,14.870205035736982,1.3153866832179076e+32
89,0.09,440.0,1.6516607573359487,-0.10181612531219653,3.0543123701139208,4.543070672267208,3.23936137840791,1109701788.3366888,73.17541643141459,0.6680525040693555,0.2435485356906724,0.16064201579073395,-0.10445071320583123,-0.0759208154237578,-0.17417248336535726,18.65882031209015,1.6253055554089662e+32
90,0.09,440.0,1.6856292892420948,0.027398472109427363,5.669426526124562,1.852997136065212,1.5666210723625495,1107968518.0353816,56.05222060427915,0.6941832909971865,0.24083992373327406,0.1914165746922243,0.006447632213798249,0.015348426432810699,-0.05494967532777961,14.15961547307968,1.245741594777476e+32
91,0.09,440.0,1.9891876675596039,0.3456395438999098,3.1003228700112357,1.087335292017385,3.067640700957584,1124552152.8788283,65.60786113209022,0.6928987893633929,0.24710600485344228,0.10759173103092383,-0.008067858915786064,-0.0008456897861709046,-0.043455945797887,17.029050548398953,1.4590073968516252e+32
92,0.09,440.0,1.0963224829630174,-0.1804277126771805,3.005107952005879,2.6125172515490394,0.1366502225206067,1127604837.9985394,55.37790989762419,0.692403199952504,0.24201067689972106,0.1787660269769287,-0.010796463728869537,0.0013753731378192344,-0.07478016996450998,14.057622790007,1.2308289347361633e+32
93,0.09,440.0,1.3040233173755804,-1.313760431104655,3.8580411704381268,2.955057325835106,2.358761295635542,1132314656.2617323,67.00463787646133,0.7139022267211057,0.2481880600401751,0.08513377613673638,0.05360337298702151,0.05041475246758957,0.019102350230829207,17.507608624638,1.4914326619594709e+32
94,0.09,440.0,2.3335319077598102,0.036327510080762515,1.063480365296297,3.79878664297033,0.7588758897474537,1127134064.893023,68.03634112854678,0.7137017170523692,0.24799524238385487,0.08954903943974236,0.060308383998285,0.055247025793431395,0.030345100238444805,17.762694757671028,1.5143532232889836e+32
95,0.09,440.0,2.3386081624839647,-0.1251060747175745,3.7839144602486,5.849043443359675,2.242376834542782,1108062095.1593866,68.15154174960351,0.6815074604720169,0.24966517392403034,0.036596506716881826,-0.03896993783085684,-0.02919862966893843,-0.05819150572863893,17.87005861230984,1.5153614951496112e+32
96,0.09,440.0,2.4667463369865197,-0.5118559899024944,1.4470998504300077,4.192697192258905,4.947459991394155,1119942820.6026845,63.11308325337413,0.7067659067221527,0.24698305062721376,0.10985352744061086,0.016537645761079838,0.022202762115996755,-0.03410409542806625,16.391206088129902,1.4042373891546344e+32
97,0.09,440.0,0.676556185415549,-0.0976088891541036,1.0002189273125386,1.5046316723552502,0.8076839242768322,1112144055.9928997,57.682930355791164,0.6776067588843052,0.2491969398916911,0.056676630397683704,-0.055471652923717536,-0.042200804292819166,-0.07918097439547064,15.087435416968512,1.2823533417465787e+32
98,0.09,440.0,1.0281608270187037,0.3100602556828316,4.590206123829751,2.624005620907913,4.654341120095918,1114028135.9209092,65.22103025535414,0.6687382591787565,0.24902729157868542,0.06237654755802297,-0.0723220373943057,-0.0575917696587929,-0.08794852223672664,17.036012541857364,1.4494702304394828e+32
99,0.09,440.0,0.9986909381360635,0.09968544855294592,2.248764769450254,5.286347470931651,6.001929279344769,1106488749.077201,65.15926623216076,0.6773463979056675,0.24224731404353894,0.17609867638867707,-0.07579614366845268,-0.05085642521514741,-0.15307258879707625,16.533320390427804,1.44751129791777e+32
